[
  {
    "id": "arbejdsloeshed",
    "labels": ["arbejdsløshed", "arbejdsløs", "ledighed", "ledige", "arbejdsløshedsprocent"],
    "tables": [
      { "id": "y25i01", "note": "Ledighed: antal og pct. (årligt/månedligt)", "defaults": { "area": "Hele landet", "period": "l(Y:10)" } },
      { "id": "y25i03", "note": "Sæsonkorrigeret fuldtidsledige (måned)", "defaults": { "area": "Hele landet", "period": "l(M:12)" } }
    ],
    "dimensionHints": {
      "pct": ["pct", "procent"],
      "gender": ["køn", "kvinder", "mænd"]
    }
  },
  {
    "id": "adagpenge",
    "labels": ["a-dagpenge", "dagpenge", "a dagpenge", "dagpengemodtagere"],
    "tables": [
      { "id": "Y01A02", "note": "Antal personer og fuldtidspersoner (A-dagpenge)", "defaults": { "area": "Hele landet", "period": "l(M:12)" } }
    ],
    "dimensionHints": {
      "gender": ["køn", "kvinder", "mænd"]
    }
  },
  {
    "id": "beskaeftigelse",
    "labels": ["beskæftigelse", "lønmodtagere", "ansatte"],
    "tables": [
      { "id": "y25l01", "note": "Antal lønmodtagere efter bopæl", "defaults": { "area": "Hele landet", "period": "l(M:12)" } }
    ],
    "dimensionHints": {}
  }
]

